<zone>
<zonename>Cuba</zonename>
<zonetype>video</zonetype>
<zoneloop>loop</zoneloop>
<zonefile>cuba.mov</zonefile>
</zone>
<zone>
<zonename>FaceSubstitution 1</zonename>
<zonetype>facesubstitution</zonetype>
<zoneloop>none</zoneloop>
<zonefile>none</zonefile>
</zone>
<zone>
<zonename>Slitscan</zonename>
<zonetype>slitscan</zonetype>
<zoneloop>none</zoneloop>
<zonefile>none</zonefile>
</zone>
<zone>
<zonename>Fingers</zonename>
<zonetype>video</zonetype>
<zoneloop>none</zoneloop>
<zonefile>fingers.mov</zonefile>
</zone>